removed_dimension,profiles_where_active,frontier_change_pct_when_removed
P,4951,53.44374873762876
T,4886,44.269340974212035
F,5019,37.57720661486352
O,5002,35.14594162335066
I,4993,33.98758261566193
J,4966,33.00443012484897
M,4985,28.40521564694082
A,4895,21.368743615934626
D,4924,0.0
